<?xml version="1.0" encoding="UTF-8" ?>
<!DOCTYPE log4j:configuration SYSTEM "log4j.dtd">

<log4j:configuration xmlns:log4j="http://jakarta.apache.org/log4j/">

	<appender name="console" class="org.apache.log4j.ConsoleAppender">
		<param name="Target" value="System.out" />
		<layout class="org.apache.log4j.PatternLayout">
			<param name="ConversionPattern" value="%-5p [%d{yyyy-MM-dd HH:mm:ss}] [%c{1}] : %m%n" />
		</layout>
	</appender>

	<appender name="fullfile" class="org.apache.log4j.FileAppender">
		<param name="file" value="./logs/full.log" />
		<param name="immediateFlush" value="true" />
		<param name="append" value="true" />

		<layout class="org.apache.log4j.PatternLayout">
			<param name="conversionPattern" value="%-5p [%d{yyyy-MM-dd HH:mm:ss}] [%c{1}] : %m%n" />
		</layout>
	</appender>
	
	<appender name="errorfile" class="org.apache.log4j.FileAppender">
		<param name="file" value="./logs/error.log" />
		<param name="immediateFlush" value="true" />
		<param name="threshold" value="error" />
		<param name="append" value="true" />

		<layout class="org.apache.log4j.PatternLayout">
			<param name="conversionPattern" value="[%d{yyyy-MM-dd HH:mm:ss}] [%c{1}] : %m%n" />
		</layout>
	</appender>

	<!-- A class name or the begining of some class names (ants will match ants.Ant, 
		ants.AntBotGameInfo ...) <logger name="ants"> <level value="DEBUG"/> </logger> -->

	<root>
		<priority value="DEBUG" />
		<appender-ref ref="console" />
		<appender-ref ref="fullfile" />
		<appender-ref ref="errorfile" />
	</root>

</log4j:configuration>